title,link
《Python Cookbook》第三版最佳译本,https://www.jianshu.com/p/61c426937650
读《星空的琴弦》：第谷和开普勒,https://www.jianshu.com/p/5b23d346b319
《最后的问题》,https://www.jianshu.com/p/19c1726ad1ff
@classmethod和@staticmethod装饰器,https://www.jianshu.com/p/bcb294e16ce2
为什么序号要从0开始,https://www.jianshu.com/p/cf61a9eda83c
《AI Superpowers》―― 李开复,https://www.jianshu.com/p/af5e1ea0c706
解析网页速度比较（BeautifulSoup、PyQuery、lxml、正则）,https://www.jianshu.com/p/cf47a3f4b468
使用PyEcharts画双轴图,https://www.jianshu.com/p/7680678cd095
Python2生命倒计时,https://www.jianshu.com/p/81d788c42b03
Jupyter Notebook 同时安装Python2和Python3内核,https://www.jianshu.com/p/16868eb377c1
使用Newspaper框架抓取新闻,https://www.jianshu.com/p/1c12e0cc9a2e
张小龙微信公开课（2019年1月）续,https://www.jianshu.com/p/c855f081308f
张小龙微信公开课（2019年1月）,https://www.jianshu.com/p/ef910aa6b45f
使用Pyppeteer抓取渲染网页,https://www.jianshu.com/p/611ed6b75d47
布朗大学《看见统计》,https://www.jianshu.com/p/2fdc2f159aad
《三体》简记,https://www.jianshu.com/p/e6c723d62d6f
Python深度学习“四大名著”,https://www.jianshu.com/p/de5a5179ba28
爱的瞬间,https://www.jianshu.com/p/4dc181e86d1a
张首晟：区块链世界到底是如何形成的,https://www.jianshu.com/p/ce43f6887a7f
中科大浙大计算机学院课程资源,https://www.jianshu.com/p/d5488b9c1041
《Scikit-Learn与TensorFlow机器学习实用指南》 第16章 强化学习（下）,https://www.jianshu.com/p/734928b390fd
《Scikit-Learn与TensorFlow机器学习实用指南》 第16章 强化学习（上）,https://www.jianshu.com/p/15483db69fcb
《Scikit-Learn与TensorFlow机器学习实用指南》 第15章 自编码器,https://www.jianshu.com/p/21a42756a416
《Scikit-Learn与TensorFlow机器学习实用指南》 第14章 循环神经网络,https://www.jianshu.com/p/9b7df8250000
Scrapy的CrawlSpider用法,https://www.jianshu.com/p/814c94f76979
王峰老师的十问系列,https://www.jianshu.com/p/1074b56197a4
《Scikit-Learn与TensorFlow机器学习实用指南》 第13章 卷积神经网络,https://www.jianshu.com/p/356cd63494b8
《Scikit-Learn与TensorFlow机器学习实用指南》 第12章 设备和服务器上的分布式 TensorFlow,https://www.jianshu.com/p/cb45cf59bc22
《Scikit-Learn与TensorFlow机器学习实用指南》 第11章 训练深度神经网络（上）,https://www.jianshu.com/p/85bb910a7594
《Scikit-Learn与TensorFlow机器学习实用指南》 第11章 训练深度神经网络（下）,https://www.jianshu.com/p/7f6c696b93f7
《Scikit-Learn与TensorFlow机器学习实用指南》 第10章 人工神经网络,https://www.jianshu.com/p/fe0bf7a49a9f
抓取第一批北京积分落户名单并做简要分析,https://www.jianshu.com/p/91b702f4f24a
2018-11-02 十六种人格,https://www.jianshu.com/p/8e9e0b1b3a11
2018-11-01 最近想看的关于数据流式处理的书,https://www.jianshu.com/p/7ef0f606c10b
《Pandas Cookbook》第11章 用Matplotlib、Pandas、Seaborn进行可视化,https://www.jianshu.com/p/b117993f5008
《Pandas Cookbook》第10章 时间序列分析,https://www.jianshu.com/p/583d83f1ff81
第一篇阅读量10万+文章留念,https://www.jianshu.com/p/bc259646fba2
《Pandas Cookbook》第09章 合并Pandas对象,https://www.jianshu.com/p/590ab4573325
如何模仿教父,https://www.jianshu.com/p/f080a7126f55
招聘・全球物流信息查询SaaS服务公司,https://www.jianshu.com/p/b27d961cd9de
《Pandas Cookbook》第08章 数据清理,https://www.jianshu.com/p/d192d03ee956
如何模仿小王子说话,https://www.jianshu.com/p/2c14ba3229b6
《Pandas Cookbook》第07章 分组聚合、过滤、转换,https://www.jianshu.com/p/7da76addb3ea
《Pandas Cookbook》第06章 索引对齐,https://www.jianshu.com/p/ab55e07418af
《Pandas Cookbook》第05章 布尔索引,https://www.jianshu.com/p/d67080f59b06
《Pandas Cookbook》第04章 选取数据子集,https://www.jianshu.com/p/bd0bc1b5b4b6
《Pandas Cookbook》第03章 数据分析入门,https://www.jianshu.com/p/05cb76788c80
《Pandas Cookbook》第02章 DataFrame基本操作,https://www.jianshu.com/p/13dcecdacd7c
《Pandas Cookbook》第01章 Pandas基础,https://www.jianshu.com/p/5809f6cf78ca
《Scikit-Learn与TensorFlow机器学习实用指南》 第09章 启动并运行TensorFlow,https://www.jianshu.com/p/391b49ddd14d
Python数据科学分析速查表,https://www.jianshu.com/p/71d42b5998bb
《Scikit-Learn与TensorFlow机器学习实用指南》 第08章 降维,https://www.jianshu.com/p/22de1a9f800a
《Scikit-Learn与TensorFlow机器学习实用指南》 第07章 集成学习和随机森林,https://www.jianshu.com/p/b633b44437e0
《Scikit-Learn与TensorFlow机器学习实用指南》 第02章 一个完整的机器学习项目（下）,https://www.jianshu.com/p/aa79408073b6
《Scikit-Learn与TensorFlow机器学习实用指南》 第06章 决策树,https://www.jianshu.com/p/a51eabf828c6
《Scikit-Learn与TensorFlow机器学习实用指南》 第05章 支持向量机,https://www.jianshu.com/p/a12b70472105
《Scikit-Learn与TensorFlow机器学习实用指南》 第04章 训练模型,https://www.jianshu.com/p/0348f16b0da1
Redis 设计与实现,https://www.jianshu.com/p/9dc9b5d7a461
《Scikit-Learn与TensorFlow机器学习实用指南》 第03章 分类,https://www.jianshu.com/p/f4d4e2a4f88c
阿里云天池的AI学习树及数据集,https://www.jianshu.com/p/6d3167a23823
《数据科学家访谈录》总结・5,https://www.jianshu.com/p/b1ff780eff19
《数据科学家访谈录》总结・4,https://www.jianshu.com/p/4d26cfee5399
《数据科学家访谈录》总结・3,https://www.jianshu.com/p/5929abae8d55
《数据科学家访谈录》总结・2,https://www.jianshu.com/p/acd2d479b6dd
《数据科学家访谈录》总结・1,https://www.jianshu.com/p/f789c8e5086d
读《白金数据》,https://www.jianshu.com/p/13b6ce6d6105
2018-08-12 长大,https://www.jianshu.com/p/3bf07ad4b99b
Awesome Asyncio 《碉堡的Asyncio・中文版》,https://www.jianshu.com/p/4f667ecae64f
《这就是搜索引擎》爬虫部分摘抄总结,https://www.jianshu.com/p/055e29c8d79b
2018-08-05 生命的轮回,https://www.jianshu.com/p/a8030a7e25d9
2018-08-01 简书入坑一周年纪念,https://www.jianshu.com/p/c53ded5a99e1
Python工程的文档结构,https://www.jianshu.com/p/b0771562d6ba
深入理解Python异步编程（上）,https://www.jianshu.com/p/fe146f9781d2
日剧暑期档和春季档的区别,https://www.jianshu.com/p/0a5ab4eca6ee
《Talk Lean》―― 精益讨论,https://www.jianshu.com/p/6d18725f33d5
《微服务：从设计到部署》,https://www.jianshu.com/p/cf4c85ccafc6
爬虫框架整理汇总,https://www.jianshu.com/p/7522e1fc3fb9
分享一个学习Git的网站 Learn Git Branching,https://www.jianshu.com/p/2181f49360ff
链课堂01 | 解密超级账本－Fabric运行机制,https://www.jianshu.com/p/96713712d7f9
《癌症・真相》读书简摘,https://www.jianshu.com/p/b12c96e1defe
2018-05-04 Python的“江湖地位”,https://www.jianshu.com/p/8680dc50c5ae
ViEmu的vi-vim编辑器教程,https://www.jianshu.com/p/5fee2578d2ce
Learning Scrapy 第二版,https://www.jianshu.com/p/0b7e898ddb0f
雨痕大神的《学习笔记系列》,https://www.jianshu.com/p/84f0b85fb585
2018-03-26 一千粉丝留念,https://www.jianshu.com/p/e7d820bfd105
《Scikit-Learn与TensorFlow机器学习实用指南》 第02章 一个完整的机器学习项目（上）,https://www.jianshu.com/p/3470a6efbe8d
《Scikit-Learn与TensorFlow机器学习实用指南》 第01章 机器学习概览,https://www.jianshu.com/p/49bfb59b96b7
读《智能时代》,https://www.jianshu.com/p/5e04f3da1e9f
《利用Python进行数据分析・第2版》 附录B 更多关于IPython的内容（完）,https://www.jianshu.com/p/fb6719a18cea
Python解答LeetCode,https://www.jianshu.com/p/068bae8d7a6b
《利用Python进行数据分析・第2版》 附录A NumPy高级应用,https://www.jianshu.com/p/3c3f7da88516
《利用Python进行数据分析・第2版》第14章 数据分析案例,https://www.jianshu.com/p/72b6c83bb69e
Kafka与Redis比较,https://www.jianshu.com/p/a90143d814ab
《利用Python进行数据分析・第2版》第13章 Python建模库介绍,https://www.jianshu.com/p/e46a1ac36aa5
《利用Python进行数据分析・第2版》第12章 pandas高级应用,https://www.jianshu.com/p/9d093ebcc5d8
《大秦帝国》：中国文明正源的强势生存,https://www.jianshu.com/p/1f76bc1bd1c1
《利用Python进行数据分析・第2版》第11章 时间序列,https://www.jianshu.com/p/29ece4592178
Python 面向对象,https://www.jianshu.com/p/86038b733c6f
《区块链：定义未来金融与经济新格局》摘抄笔记,https://www.jianshu.com/p/0118392d5a87
郭杨・靖康・郭靖杨康,https://www.jianshu.com/p/3c2b77b03720
《利用Python进行数据分析・第2版》第10章 数据聚合与分组运算,https://www.jianshu.com/p/b94deb5c7eb1
《利用Python进行数据分析・第2版》第9章 绘图和可视化,https://www.jianshu.com/p/7a0eafdd1340
《利用Python进行数据分析・第2版》第8章 数据规整：聚合、合并和重塑,https://www.jianshu.com/p/cfc035bae567
《利用Python进行数据分析・第2版》第7章 数据清洗和准备,https://www.jianshu.com/p/ac7bec000dad
《图解算法》总结,https://www.jianshu.com/p/b86942c5cc8e
Scrapy的架构,https://www.jianshu.com/p/335ce3435a2b
Python的线程与进程,https://www.jianshu.com/p/262594f44549
Python的全局解释器锁（GIL）,https://www.jianshu.com/p/9eb586b64bdb
《Scikit-Learn与TensorFlow机器学习实用指南》,https://www.jianshu.com/p/9efbae6dbf8e
《利用Python进行数据分析・第2版》第6章 数据加载、存储与文件格式,https://www.jianshu.com/p/047d8c1c7e14
《利用Python进行数据分析・第2版》第5章 pandas入门,https://www.jianshu.com/p/161364dd0acf
《射雕英雄传》中的对比,https://www.jianshu.com/p/db4e63f7f30a
Python题目,https://www.jianshu.com/p/e770f81b11e4
《大话数据结构》总结,https://www.jianshu.com/p/8b3ae7128d02
《生命3.0》（Life 3.0）,https://www.jianshu.com/p/4450b37b5640
《利用Python进行数据分析・第2版》第4章 NumPy基础：数组和矢量计算,https://www.jianshu.com/p/a380222a3292
《利用Python进行数据分析・第2版》第3章 Python的数据结构、函数和文件,https://www.jianshu.com/p/b444cda10aa0
MongoDB + Spark: 完整的大数据解决方案,https://www.jianshu.com/p/1612e7a5c120
《利用Python进行数据分析・第2版》第2章 Python语法基础，IPython和Jupyter Notebooks,https://www.jianshu.com/p/fc93e943e94a
《利用Python进行数据分析・第2版》第1章 准备工作,https://www.jianshu.com/p/04d180d90a3f
Scrapy CSS选择器,https://www.jianshu.com/p/df6325ce9e1e
Scrapy-Redis分布式抓取麦田二手房租房信息与数据分析,https://www.jianshu.com/p/f1b3416b359f
Redis、MongoDB实现远程访问,https://www.jianshu.com/p/ab8ba4b54693
三本关于机器学习和深度学习的书,https://www.jianshu.com/p/a6f092308acd
《Python数据分析》2nd ,https://www.jianshu.com/p/fad9e41c1a42
推荐下GitHub爬虫专题的资源，很丰富！,https://www.jianshu.com/p/c6ade7f68372
COURSERA上的Python课程,https://www.jianshu.com/p/f2991d760728
The Tale of Creating a Distributed Web Crawler,https://www.jianshu.com/p/cf8f5a124fdf
Scrapy使用随机IP代理插件Scrapy-Proxies,https://www.jianshu.com/p/c656ad21c42f
Scrapy使用随机IP代理,https://www.jianshu.com/p/3bc8156af44a
Scrapy随机切换用户代理User-Agent,https://www.jianshu.com/p/7911f90ec693
《Python分布式计算》 第8章 继续学习 （Distributed Computing with Python）,https://www.jianshu.com/p/de89c55f8e8a
《Python分布式计算》 第7章 测试和调试分布式应用 （Distributed Computing with Python）,https://www.jianshu.com/p/c92721ff5f3c
《Python分布式计算》 第6章 超级计算机群使用Python （Distributed Computing with Python）,https://www.jianshu.com/p/59471509d3d9
《Python分布式计算》 第5章 云平台部署Python （Distributed Computing with Python）,https://www.jianshu.com/p/84dde3009782
“盛世”的武功,https://www.jianshu.com/p/3b699a71a5a7
《Python分布式计算》 第4章 Celery分布式应用 （Distributed Computing with Python）,https://www.jianshu.com/p/ee14ed9e4989
《Python分布式计算》 第3章 Python的并行计算 （Distributed Computing with Python）,https://www.jianshu.com/p/66f47049cc5a
中国人的“盛世梦”,https://www.jianshu.com/p/b2dd84d04e97
《Python分布式计算》第2章 异步编程 （Distributed Computing with Python）,https://www.jianshu.com/p/02893376bfe8
《Python分布式计算》第1章 并行和分布式计算介绍 （Distributed Computing with Python）,https://www.jianshu.com/p/a8ec42f6cb4e
阿姆达尔定律和古斯塔夫森定律,https://www.jianshu.com/p/2a756f9c379f
《Python分布式计算》 0 序言 （Distributed Computing with Python）,https://www.jianshu.com/p/ad10480c89d9
Docker技术入门与实战,https://www.jianshu.com/p/bc85afdf4a77
Numpy和Matplotlib,https://www.jianshu.com/p/cda2843c1265
Python基础回顾,https://www.jianshu.com/p/2d4bfdca1efa
Python 2.7.x 与 Python 3.x 的不同点,https://www.jianshu.com/p/f0925334c8f4
南锣鼓巷到后海,https://www.jianshu.com/p/6f22add3566f
Scrapy1.4最新官方文档总结 4 爬虫,https://www.jianshu.com/p/8e5d67ee11a2
Scrapy1.4最新官方文档总结 3 命令行工具,https://www.jianshu.com/p/ea0bbeda5f24
Scrapy1.4最新官方文档总结 2 Tutorial,https://www.jianshu.com/p/7cc649becf86
Scrapy1.4最新官方文档总结 1 介绍・安装,https://www.jianshu.com/p/999f3809c98a
Celery分布式任务队列插件,https://www.jianshu.com/p/c88098979dda
Python模拟登陆 ―― 征服验证码 10 知乎（倒立文字验证码）,https://www.jianshu.com/p/1fb0a6b95f0a
Python模拟登陆 ―― 征服验证码 9 微博weibo.com,https://www.jianshu.com/p/9b1c5f58682f
Python模拟登陆 ―― 征服验证码 8 微信网页版,https://www.jianshu.com/p/6bf01c5bb154
Python模拟登陆 ―― 征服验证码 7 京东,https://www.jianshu.com/p/42b2f23cfce8
Python模拟登陆 ―― 征服验证码 6 126邮箱,https://www.jianshu.com/p/8328a7f33e6f
Python模拟登陆 ―― 征服验证码 5 拉钩,https://www.jianshu.com/p/b6bf0d1385d6
Python模拟登陆 ―― 征服验证码 4 果壳,https://www.jianshu.com/p/bb34f085a5ce
Python模拟登陆 ―― 征服验证码 3 CSDN,https://www.jianshu.com/p/703575e11b10
Python模拟登陆 ―― 征服验证码 2 B站,https://www.jianshu.com/p/2a2c9df414f1
Python模拟登陆 ―― 征服验证码 1 豆瓣,https://www.jianshu.com/p/8c0d554756e2
greenlet: Lightweight concurrent programming,https://www.jianshu.com/p/dbe87aa5deba
红黑树,https://www.jianshu.com/p/73b3a51ed9ba
《Learning Scrapy》（中文版）第11章 Scrapyd分布式抓取和实时分析,https://www.jianshu.com/p/cfca4b7e62f4
《Learning Scrapy》（中文版）第10章 理解Scrapy的性能,https://www.jianshu.com/p/e9710002cb4e
《Learning Scrapy》（中文版）第9章 使用Pipelines,https://www.jianshu.com/p/e0287e773d28
《Learning Scrapy》（中文版）0 序言,https://www.jianshu.com/p/6c9baeb60044
《Learning Scrapy》（中文版）第8章 Scrapy编程,https://www.jianshu.com/p/545d07702e7f
《Learning Scrapy》（中文版）第7章 配置和管理,https://www.jianshu.com/p/674de4eacf15
Python快速切换不同版本,https://www.jianshu.com/p/172f253613d6
《Learning Scrapy》（中文版）第6章 Scrapinghub部署,https://www.jianshu.com/p/441fa74d7aad
《Learning Scrapy》（中文版）第5章 快速构建爬虫,https://www.jianshu.com/p/9d1e00dc40e4
《Learning Scrapy》（中文版）第1章 Scrapy介绍,https://www.jianshu.com/p/b807653e97bb
《Learning Scrapy》（中文版）第4章 从Scrapy到移动应用,https://www.jianshu.com/p/4156e757557f
Hyperledger Fabric 架构设计整理,https://www.jianshu.com/p/ac3362c97eaa
《Learning Scrapy》（中文版）第3章 爬虫基础,https://www.jianshu.com/p/6ebb898841bc
《Learning Scrapy》（中文版）第2章 理解HTML和XPath,https://www.jianshu.com/p/90c2c25f0c41
《Python Cookbook》第三版最佳译本,https://www.jianshu.com/p/61c426937650
读《星空的琴弦》：第谷和开普勒,https://www.jianshu.com/p/5b23d346b319
《最后的问题》,https://www.jianshu.com/p/19c1726ad1ff
@classmethod和@staticmethod装饰器,https://www.jianshu.com/p/bcb294e16ce2
为什么序号要从0开始,https://www.jianshu.com/p/cf61a9eda83c
《AI Superpowers》―― 李开复,https://www.jianshu.com/p/af5e1ea0c706
解析网页速度比较（BeautifulSoup、PyQuery、lxml、正则）,https://www.jianshu.com/p/cf47a3f4b468
使用PyEcharts画双轴图,https://www.jianshu.com/p/7680678cd095
Python2生命倒计时,https://www.jianshu.com/p/81d788c42b03
Jupyter Notebook 同时安装Python2和Python3内核,https://www.jianshu.com/p/16868eb377c1
石晓文的学习日记,https://www.jianshu.com/u/c5df9e229a67
使用Newspaper框架抓取新闻,https://www.jianshu.com/p/1c12e0cc9a2e
张小龙微信公开课（2019年1月）续,https://www.jianshu.com/p/c855f081308f
张小龙微信公开课（2019年1月）,https://www.jianshu.com/p/ef910aa6b45f
暖水瓶dsy,https://www.jianshu.com/u/b67f20ec6e30
使用Pyppeteer抓取渲染网页,https://www.jianshu.com/p/611ed6b75d47
深度解析用户画像的标签体系,https://www.jianshu.com/p/0bc93d879d3a
《利用Python进行数据分析・第2版》 附录B 更多关于IPython的内容（完）,https://www.jianshu.com/p/fb6719a18cea
《Pandas Cookbook》第01章 Pandas基础,https://www.jianshu.com/p/5809f6cf78ca
《Pandas Cookbook》第10章 时间序列分析,https://www.jianshu.com/p/583d83f1ff81
